學校代碼,學校名稱,等級,僑居地,在學學生人數_男,在學學生人數_女,新生,舊生,上學年度畢業生人數_男,上學年度畢業生人數_女
0001,國立政治大學,博士,馬來西亞,3,2,1,4,1,0
0001,國立政治大學,博士,南非,0,1,0,1,0,0
0001,國立政治大學,博士,加拿大,0,1,0,1,0,0
0001,國立政治大學,碩士,緬甸,0,2,1,1,0,0
0001,國立政治大學,碩士,印尼,0,6,4,2,0,3
0001,國立政治大學,碩士,日本,1,1,0,2,0,1
0001,國立政治大學,碩士,馬來西亞,25,9,11,23,2,1
0001,國立政治大學,碩士,菲律賓,1,0,0,1,0,0
0001,國立政治大學,碩士,新加坡,1,1,0,2,1,0
0001,國立政治大學,碩士,泰國,1,1,1,1,0,0
0001,國立政治大學,碩士,南非,1,1,1,1,1,1
0001,國立政治大學,碩士,英國,0,1,0,1,0,0
0001,國立政治大學,碩士,加拿大,4,2,1,5,2,1
0001,國立政治大學,碩士,多明尼加,1,0,0,1,0,0
0001,國立政治大學,碩士,美國,2,3,2,3,1,0
0001,國立政治大學,碩士,阿根廷,0,0,0,0,0,1
0001,國立政治大學,學士,緬甸,2,9,2,9,0,0
0001,國立政治大學,學士,印尼,8,21,7,22,1,1
0001,國立政治大學,學士,日本,3,5,5,3,0,0
0001,國立政治大學,學士,南韓,0,5,2,3,0,0
0001,國立政治大學,學士,馬來西亞,60,129,29,160,3,8
0001,國立政治大學,學士,菲律賓,1,0,0,1,0,0
0001,國立政治大學,學士,新加坡,0,4,1,3,0,1
0001,國立政治大學,學士,泰國,5,11,2,14,3,1
0001,國立政治大學,學士,越南,5,10,4,11,0,0
0001,國立政治大學,學士,紐西蘭,0,1,0,1,0,0
0001,國立政治大學,學士,南非,0,1,0,1,0,0
0001,國立政治大學,學士,加拿大,1,1,1,1,0,0
0001,國立政治大學,學士,多明尼加,1,0,0,1,0,0
0001,國立政治大學,學士,墨西哥,0,0,0,0,0,1
0001,國立政治大學,學士,美國,1,3,1,3,0,0
0001,國立政治大學,學士,阿根廷,0,1,1,0,1,0
0001,國立政治大學,學士,巴西,1,1,0,2,0,0
0001,國立政治大學,學士,巴拉圭,1,1,1,1,0,1
0002,國立清華大學,博士,馬來西亞,0,2,0,2,0,0
0002,國立清華大學,博士,越南,1,0,1,0,0,0
0002,國立清華大學,博士,南非,0,0,0,0,1,0
0002,國立清華大學,博士,美國,1,0,1,0,0,0
0002,國立清華大學,碩士,緬甸,0,0,0,0,1,0
0002,國立清華大學,碩士,印尼,2,0,0,2,0,0
0002,國立清華大學,碩士,馬來西亞,10,12,8,14,1,1
0002,國立清華大學,碩士,菲律賓,0,0,0,0,1,0
0002,國立清華大學,碩士,泰國,0,1,0,1,0,0
0002,國立清華大學,碩士,越南,1,0,1,0,1,0
0002,國立清華大學,碩士,加拿大,1,0,1,0,0,1
0002,國立清華大學,碩士,美國,1,0,0,1,2,0
0002,國立清華大學,碩士,阿根廷,0,1,0,1,0,1
0002,國立清華大學,學士,緬甸,2,5,1,6,1,2
0002,國立清華大學,學士,印尼,7,2,3,6,1,0
0002,國立清華大學,學士,日本,1,2,0,3,0,0
0002,國立清華大學,學士,馬來西亞,36,22,20,38,7,7
0002,國立清華大學,學士,新加坡,2,1,1,2,0,0
0002,國立清華大學,學士,泰國,4,0,0,4,1,1
0002,國立清華大學,學士,越南,3,0,1,2,1,0
0002,國立清華大學,學士,肯亞,0,1,0,1,0,0
0002,國立清華大學,學士,南非,1,0,1,0,1,0
0002,國立清華大學,學士,西班牙,1,0,0,1,0,0
0002,國立清華大學,學士,加拿大,0,0,0,0,1,0
0002,國立清華大學,學士,尼加拉瓜,1,0,0,1,0,0
0002,國立清華大學,學士,巴拿馬,0,1,0,1,0,0
0002,國立清華大學,學士,美國,1,3,0,4,1,0
0002,國立清華大學,學士,巴西,0,1,0,1,0,0
0002,國立清華大學,學士,巴拉圭,2,0,1,1,0,0
0003,國立臺灣大學,博士,緬甸,1,0,0,1,0,0
0003,國立臺灣大學,博士,印尼,1,1,0,2,0,0
0003,國立臺灣大學,博士,南韓,1,0,0,1,0,0
0003,國立臺灣大學,博士,馬來西亞,10,5,1,14,1,1
0003,國立臺灣大學,博士,澳大利亞,1,0,0,1,0,0
0003,國立臺灣大學,博士,紐西蘭,3,0,0,3,0,0
0003,國立臺灣大學,博士,英國,1,0,0,1,0,0
0003,國立臺灣大學,博士,加拿大,4,0,2,2,0,0
0003,國立臺灣大學,博士,多明尼加,1,0,0,1,0,0
0003,國立臺灣大學,博士,貝里斯,1,1,0,2,0,0
0003,國立臺灣大學,博士,美國,2,1,1,2,0,0
0003,國立臺灣大學,博士,阿根廷,1,0,0,1,0,0
0003,國立臺灣大學,碩士,緬甸,2,5,3,4,1,0
0003,國立臺灣大學,碩士,印尼,3,3,3,3,0,1
0003,國立臺灣大學,碩士,日本,0,2,0,2,0,0
0003,國立臺灣大學,碩士,南韓,1,1,1,1,0,0
0003,國立臺灣大學,碩士,馬來西亞,43,33,43,33,10,2
0003,國立臺灣大學,碩士,菲律賓,1,0,0,1,1,0
0003,國立臺灣大學,碩士,泰國,2,4,4,2,1,1
0003,國立臺灣大學,碩士,越南,2,0,0,2,0,0
0003,國立臺灣大學,碩士,紐西蘭,2,1,1,2,0,1
0003,國立臺灣大學,碩士,南非,1,1,0,2,1,1
0003,國立臺灣大學,碩士,法國,1,0,1,0,0,0
0003,國立臺灣大學,碩士,加拿大,6,3,3,6,3,6
0003,國立臺灣大學,碩士,哥斯大黎加,0,0,0,0,1,0
0003,國立臺灣大學,碩士,薩爾瓦多,1,0,0,1,0,0
0003,國立臺灣大學,碩士,尼加拉瓜,0,0,0,0,1,0
0003,國立臺灣大學,碩士,美國,7,8,11,4,3,0
0003,國立臺灣大學,碩士,阿根廷,1,1,0,2,1,0
0003,國立臺灣大學,碩士,智利,1,0,0,1,1,0
0003,國立臺灣大學,碩士,巴拉圭,1,2,0,3,1,1
0003,國立臺灣大學,學士,緬甸,5,10,0,15,1,5
0003,國立臺灣大學,學士,印尼,32,32,23,41,8,3
0003,國立臺灣大學,學士,日本,4,5,2,7,1,1
0003,國立臺灣大學,學士,南韓,3,7,3,7,2,2
0003,國立臺灣大學,學士,馬來西亞,161,137,79,219,42,36
0003,國立臺灣大學,學士,菲律賓,0,0,0,0,1,0
0003,國立臺灣大學,學士,新加坡,6,9,0,15,1,3
0003,國立臺灣大學,學士,泰國,6,17,5,18,3,2
0003,國立臺灣大學,學士,阿拉伯聯合大公國,1,0,1,0,0,0
0003,國立臺灣大學,學士,越南,7,1,1,7,0,0
0003,國立臺灣大學,學士,葉門,0,1,0,1,0,0
0003,國立臺灣大學,學士,俄羅斯,0,1,0,1,0,0
0003,國立臺灣大學,學士,澳大利亞,2,1,0,3,0,1
0003,國立臺灣大學,學士,斐濟,1,0,0,1,0,1
0003,國立臺灣大學,學士,紐西蘭,1,0,0,1,0,0
0003,國立臺灣大學,學士,南非,1,0,0,1,0,0
0003,國立臺灣大學,學士,西班牙,0,0,0,0,1,0
0003,國立臺灣大學,學士,加拿大,9,8,5,12,1,4
0003,國立臺灣大學,學士,哥斯大黎加,0,2,1,1,0,1
0003,國立臺灣大學,學士,多明尼加,1,1,1,1,0,0
0003,國立臺灣大學,學士,薩爾瓦多,1,0,0,1,0,0
0003,國立臺灣大學,學士,尼加拉瓜,2,1,0,3,0,0
0003,國立臺灣大學,學士,貝里斯,2,0,0,2,0,0
0003,國立臺灣大學,學士,美國,11,9,4,16,2,1
0003,國立臺灣大學,學士,阿根廷,1,1,0,2,0,0
0003,國立臺灣大學,學士,巴西,4,3,2,5,2,0
0003,國立臺灣大學,學士,智利,0,1,0,1,0,0
0003,國立臺灣大學,學士,巴拉圭,2,7,1,8,2,2
0004,國立臺灣師範大學,博士,馬來西亞,1,2,1,2,0,0
0004,國立臺灣師範大學,博士,加拿大,0,1,0,1,0,0
0004,國立臺灣師範大學,博士,巴西,0,1,1,0,0,0
0004,國立臺灣師範大學,碩士,緬甸,1,3,3,1,1,0
0004,國立臺灣師範大學,碩士,印尼,1,4,1,4,0,1
0004,國立臺灣師範大學,碩士,日本,0,0,0,0,0,1
0004,國立臺灣師範大學,碩士,南韓,0,1,0,1,0,0
0004,國立臺灣師範大學,碩士,馬來西亞,12,26,12,26,5,5
0004,國立臺灣師範大學,碩士,泰國,0,5,0,5,0,0
0004,國立臺灣師範大學,碩士,澳大利亞,1,0,0,1,0,0
0004,國立臺灣師範大學,碩士,紐西蘭,0,2,0,2,0,0
0004,國立臺灣師範大學,碩士,南非,3,1,3,1,0,0
0004,國立臺灣師範大學,碩士,加拿大,0,2,1,1,0,0
0004,國立臺灣師範大學,碩士,哥斯大黎加,1,0,0,1,0,0
0004,國立臺灣師範大學,碩士,美國,1,1,0,2,0,1
0004,國立臺灣師範大學,碩士,阿根廷,1,0,0,1,0,0
0004,國立臺灣師範大學,碩士,巴西,0,2,1,1,0,0
0004,國立臺灣師範大學,碩士,厄瓜多,1,0,0,1,0,0
0004,國立臺灣師範大學,學士,緬甸,6,27,6,27,0,3
0004,國立臺灣師範大學,學士,印尼,1,8,4,5,0,1
0004,國立臺灣師範大學,學士,日本,3,10,5,8,0,4
0004,國立臺灣師範大學,學士,南韓,3,3,3,3,1,1
0004,國立臺灣師範大學,學士,馬來西亞,47,93,32,108,12,22
0004,國立臺灣師範大學,學士,新加坡,0,1,0,1,0,0
0004,國立臺灣師範大學,學士,泰國,2,5,3,4,1,1
0004,國立臺灣師範大學,學士,越南,2,3,1,4,0,0
0004,國立臺灣師範大學,學士,南非,0,3,0,3,2,0
0004,國立臺灣師範大學,學士,加拿大,3,4,0,7,1,0
0004,國立臺灣師範大學,學士,多明尼加,0,0,0,0,0,1
0004,國立臺灣師範大學,學士,墨西哥,0,0,0,0,0,1
0004,國立臺灣師範大學,學士,美國,5,6,7,4,0,0
0004,國立臺灣師範大學,學士,巴西,0,1,0,1,0,0
0004,國立臺灣師範大學,學士,厄瓜多,0,1,0,1,0,1
0004,國立臺灣師範大學,學士,巴拉圭,1,1,0,2,0,0
0004A,國立臺灣師大僑生先修部,先修,緬甸,28,53,81,0,0,0
0004A,國立臺灣師大僑生先修部,先修,印尼,59,61,120,0,0,0
0004A,國立臺灣師大僑生先修部,先修,日本,4,0,4,0,0,0
0004A,國立臺灣師大僑生先修部,先修,南韓,2,3,5,0,0,0
0004A,國立臺灣師大僑生先修部,先修,馬來西亞,194,260,454,0,0,0
0004A,國立臺灣師大僑生先修部,先修,菲律賓,4,7,11,0,0,0
0004A,國立臺灣師大僑生先修部,先修,新加坡,1,3,4,0,0,0
0004A,國立臺灣師大僑生先修部,先修,泰國,0,3,3,0,0,0
0004A,國立臺灣師大僑生先修部,先修,越南,21,25,46,0,0,0
0004A,國立臺灣師大僑生先修部,先修,汶萊,0,2,2,0,0,0
0004A,國立臺灣師大僑生先修部,先修,紐西蘭,1,1,2,0,0,0
0004A,國立臺灣師大僑生先修部,先修,南非,1,0,1,0,0,0
0004A,國立臺灣師大僑生先修部,先修,加拿大,1,0,1,0,0,0
0004A,國立臺灣師大僑生先修部,先修,墨西哥,1,0,1,0,0,0
0004A,國立臺灣師大僑生先修部,先修,尼加拉瓜,1,0,1,0,0,0
0004A,國立臺灣師大僑生先修部,先修,美國,4,2,6,0,0,0
0004A,國立臺灣師大僑生先修部,先修,巴西,0,1,1,0,0,0
0004A,國立臺灣師大僑生先修部,先修,巴拉圭,1,0,1,0,0,0
0005,國立成功大學,博士,印尼,0,1,0,1,0,0
0005,國立成功大學,博士,馬來西亞,6,2,0,8,1,0
0005,國立成功大學,博士,汶萊,0,1,0,1,0,0
0005,國立成功大學,博士,澳大利亞,0,1,1,0,0,0
0005,國立成功大學,博士,南非,1,0,0,1,0,0
0005,國立成功大學,碩士,緬甸,1,2,2,1,0,1
0005,國立成功大學,碩士,印尼,5,1,4,2,0,2
0005,國立成功大學,碩士,馬來西亞,22,18,16,24,7,5
0005,國立成功大學,碩士,泰國,0,1,0,1,4,0
0005,國立成功大學,碩士,越南,0,2,1,1,0,0
0005,國立成功大學,碩士,帛琉,1,0,0,1,0,0
0005,國立成功大學,碩士,馬拉威,0,0,0,0,0,1
0005,國立成功大學,碩士,南非,1,0,0,1,0,0
0005,國立成功大學,碩士,加拿大,3,0,2,1,0,0
0005,國立成功大學,碩士,貝里斯,1,0,0,1,0,1
0005,國立成功大學,碩士,美國,0,4,1,3,0,0
0005,國立成功大學,學士,緬甸,8,8,3,13,1,1
0005,國立成功大學,學士,印尼,19,8,10,17,5,0
0005,國立成功大學,學士,日本,2,3,2,3,1,0
0005,國立成功大學,學士,南韓,3,1,1,3,0,0
0005,國立成功大學,學士,寮國,1,0,0,1,0,0
0005,國立成功大學,學士,馬來西亞,112,57,52,117,18,10
0005,國立成功大學,學士,菲律賓,1,0,0,1,0,0
0005,國立成功大學,學士,新加坡,3,2,1,4,1,0
0005,國立成功大學,學士,泰國,9,6,2,13,0,0
0005,國立成功大學,學士,越南,3,3,1,5,0,0
0005,國立成功大學,學士,紐西蘭,1,0,1,0,0,0
0005,國立成功大學,學士,帛琉,1,0,0,1,0,0
0005,國立成功大學,學士,南非,1,1,0,2,0,0
0005,國立成功大學,學士,比利時,1,0,0,1,0,0
0005,國立成功大學,學士,德國,1,0,0,1,0,0
0005,國立成功大學,學士,加拿大,2,0,0,2,1,0
0005,國立成功大學,學士,哥斯大黎加,1,1,1,1,1,0
0005,國立成功大學,學士,多明尼加,0,1,1,0,0,0
0005,國立成功大學,學士,薩爾瓦多,1,0,0,1,0,0
0005,國立成功大學,學士,尼加拉瓜,1,2,0,3,0,0
0005,國立成功大學,學士,貝里斯,1,1,1,1,0,0
0005,國立成功大學,學士,美國,5,2,1,6,1,0
0005,國立成功大學,學士,阿根廷,1,0,0,1,0,0
0005,國立成功大學,學士,玻利維亞,0,1,0,1,0,0
0005,國立成功大學,學士,巴西,1,1,0,2,0,0
0005,國立成功大學,學士,智利,1,1,0,2,0,0
0005,國立成功大學,學士,厄瓜多,0,1,1,0,0,0
0006,國立中興大學,博士,南韓,1,0,0,1,0,0
0006,國立中興大學,博士,馬來西亞,5,1,0,6,0,0
0006,國立中興大學,博士,加拿大,1,0,0,1,0,0
0006,國立中興大學,碩士,緬甸,0,0,0,0,0,2
0006,國立中興大學,碩士,印尼,1,2,3,0,1,0
0006,國立中興大學,碩士,南韓,1,0,1,0,0,0
0006,國立中興大學,碩士,馬來西亞,8,9,7,10,6,5
0006,國立中興大學,碩士,泰國,0,1,1,0,0,0
0006,國立中興大學,碩士,南非,0,1,0,1,0,0
0006,國立中興大學,學士,緬甸,3,7,2,8,0,0
0006,國立中興大學,學士,印尼,11,14,7,18,2,5
0006,國立中興大學,學士,日本,1,1,0,2,0,0
0006,國立中興大學,學士,南韓,0,1,0,1,1,0
0006,國立中興大學,學士,馬來西亞,94,48,47,95,10,12
0006,國立中興大學,學士,新加坡,0,1,0,1,0,0
0006,國立中興大學,學士,泰國,3,2,2,3,0,0
0006,國立中興大學,學士,越南,2,3,0,5,0,0
0006,國立中興大學,學士,汶萊,1,0,0,1,0,0
0006,國立中興大學,學士,南非,1,0,1,0,0,0
0006,國立中興大學,學士,西班牙,1,0,0,1,0,0
0006,國立中興大學,學士,加拿大,1,0,0,1,0,0
0006,國立中興大學,學士,哥斯大黎加,1,0,0,1,0,0
0006,國立中興大學,學士,多明尼加,0,0,0,0,1,0
0006,國立中興大學,學士,薩爾瓦多,0,0,0,0,2,0
0006,國立中興大學,學士,墨西哥,0,1,1,0,0,0
0006,國立中興大學,學士,美國,1,1,1,1,0,0
0006,國立中興大學,學士,巴西,1,0,0,1,0,0
0006,國立中興大學,學士,巴拉圭,1,1,1,1,0,0
0007,國立交通大學,博士,馬來西亞,1,0,0,1,0,0
0007,國立交通大學,博士,美國,1,0,0,1,0,0
0007,國立交通大學,碩士,緬甸,0,3,2,1,0,2
0007,國立交通大學,碩士,印尼,2,2,0,4,1,1
0007,國立交通大學,碩士,馬來西亞,11,3,5,9,8,1
0007,國立交通大學,碩士,新加坡,0,1,0,1,0,0
0007,國立交通大學,碩士,泰國,0,0,0,0,1,0
0007,國立交通大學,碩士,越南,0,0,0,0,0,1
0007,國立交通大學,碩士,南非,2,0,1,1,0,0
0007,國立交通大學,碩士,加拿大,6,1,2,5,0,0
0007,國立交通大學,碩士,阿根廷,0,1,1,0,0,0
0007,國立交通大學,碩士,玻利維亞,0,0,0,0,1,0
0007,國立交通大學,碩士,巴西,1,0,0,1,0,0
0007,國立交通大學,學士,緬甸,14,8,3,19,1,2
0007,國立交通大學,學士,印尼,11,4,6,9,0,1
0007,國立交通大學,學士,南韓,1,0,0,1,0,0
0007,國立交通大學,學士,馬來西亞,63,27,31,59,9,3
0007,國立交通大學,學士,菲律賓,1,0,0,1,1,0
0007,國立交通大學,學士,泰國,11,1,3,9,0,0
0007,國立交通大學,學士,越南,3,1,1,3,1,0
0007,國立交通大學,學士,葉門,0,1,0,1,0,0
0007,國立交通大學,學士,南非,1,1,1,1,0,0
0007,國立交通大學,學士,英國,1,0,0,1,0,0
0007,國立交通大學,學士,加拿大,4,2,2,4,1,0
0007,國立交通大學,學士,多明尼加,2,2,0,4,0,0
0007,國立交通大學,學士,貝里斯,0,1,1,0,0,0
0007,國立交通大學,學士,美國,2,0,0,2,1,0
0007,國立交通大學,學士,巴西,0,0,0,0,1,0
0007,國立交通大學,學士,巴拉圭,2,0,0,2,1,0
0008,國立中央大學,博士,馬來西亞,2,1,0,3,0,0
0008,國立中央大學,博士,美國,1,0,0,1,0,0
0008,國立中央大學,碩士,印尼,1,0,0,1,0,0
0008,國立中央大學,碩士,馬來西亞,9,4,6,7,0,0
0008,國立中央大學,碩士,泰國,1,0,1,0,0,0
0008,國立中央大學,碩士,越南,0,2,2,0,0,0
0008,國立中央大學,學士,緬甸,4,7,3,8,0,0
0008,國立中央大學,學士,印尼,4,3,3,4,0,0
0008,國立中央大學,學士,日本,4,0,0,4,0,0
0008,國立中央大學,學士,南韓,0,1,0,1,0,0
0008,國立中央大學,學士,馬來西亞,40,21,23,38,0,0
0008,國立中央大學,學士,泰國,3,0,0,3,0,0
0008,國立中央大學,學士,越南,3,1,1,3,0,0
0008,國立中央大學,學士,加拿大,1,0,0,1,0,0
0008,國立中央大學,學士,多明尼加,0,1,0,1,0,0
0008,國立中央大學,學士,瓜地馬拉,1,1,1,1,0,0
0008,國立中央大學,學士,墨西哥,2,0,0,2,0,0
0008,國立中央大學,學士,美國,1,1,0,2,0,0
0008,國立中央大學,學士,阿根廷,0,1,0,1,0,0
0008,國立中央大學,學士,巴西,0,1,0,1,0,0
0008,國立中央大學,學士,巴拉圭,1,0,0,1,0,0
0009,國立中山大學,博士,馬來西亞,1,1,0,2,0,0
0009,國立中山大學,博士,泰國,1,0,0,1,0,0
0009,國立中山大學,博士,加拿大,1,0,0,1,0,0
0009,國立中山大學,碩士,印度,0,0,0,0,1,0
0009,國立中山大學,碩士,印尼,0,0,0,0,0,1
0009,國立中山大學,碩士,馬來西亞,5,3,2,6,1,1
0009,國立中山大學,碩士,越南,1,1,2,0,0,0
0009,國立中山大學,碩士,南非,1,0,0,1,0,0
0009,國立中山大學,碩士,美國,1,1,1,1,0,0
0009,國立中山大學,學士,緬甸,2,0,0,2,0,0
0009,國立中山大學,學士,印尼,6,6,4,8,0,0
0009,國立中山大學,學士,日本,3,0,1,2,0,0
0009,國立中山大學,學士,南韓,0,1,0,1,0,0
0009,國立中山大學,學士,馬來西亞,36,30,20,46,2,3
0009,國立中山大學,學士,新加坡,1,0,1,0,0,0
0009,國立中山大學,學士,泰國,1,2,1,2,2,0
0009,國立中山大學,學士,西班牙,0,0,0,0,1,0
0009,國立中山大學,學士,多明尼加,1,0,0,1,0,0
0009,國立中山大學,學士,尼加拉瓜,1,0,0,1,0,0
0009,國立中山大學,學士,美國,1,1,1,1,0,1
0009,國立中山大學,學士,巴拉圭,0,0,0,0,1,2
0012,國立臺灣海洋大學,碩士,印尼,0,0,0,0,1,0
0012,國立臺灣海洋大學,碩士,馬來西亞,2,4,1,5,0,0
0012,國立臺灣海洋大學,碩士,加拿大,1,0,1,0,0,0
0012,國立臺灣海洋大學,學士,緬甸,5,2,2,5,1,0
0012,國立臺灣海洋大學,學士,印度,0,0,0,0,1,0
0012,國立臺灣海洋大學,學士,印尼,18,8,10,16,1,0
0012,國立臺灣海洋大學,學士,日本,2,0,1,1,0,0
0012,國立臺灣海洋大學,學士,南韓,0,0,0,0,1,0
0012,國立臺灣海洋大學,學士,馬來西亞,72,27,29,70,6,4
0012,國立臺灣海洋大學,學士,泰國,1,0,0,1,0,0
0012,國立臺灣海洋大學,學士,越南,3,1,2,2,0,0
0012,國立臺灣海洋大學,學士,南非,1,0,1,0,0,0
0012,國立臺灣海洋大學,學士,多明尼加,1,0,0,1,0,0
0012,國立臺灣海洋大學,學士,玻利維亞,0,0,0,0,1,0
0013,國立中正大學,博士,馬來西亞,2,0,1,1,0,0
0013,國立中正大學,碩士,馬來西亞,2,2,0,4,2,0
0013,國立中正大學,碩士,南非,0,0,0,0,0,1
0013,國立中正大學,碩士,加拿大,1,0,0,1,0,1
0013,國立中正大學,學士,緬甸,1,2,0,3,0,1
0013,國立中正大學,學士,印尼,11,8,5,14,1,5
0013,國立中正大學,學士,日本,1,0,0,1,0,0
0013,國立中正大學,學士,馬來西亞,61,40,34,67,10,7
0013,國立中正大學,學士,泰國,3,1,2,2,0,0
0013,國立中正大學,學士,越南,2,2,2,2,0,0
0013,國立中正大學,學士,南非,0,1,0,1,0,0
0013,國立中正大學,學士,加拿大,0,2,0,2,0,0
0013,國立中正大學,學士,尼加拉瓜,1,0,0,1,0,0
0013,國立中正大學,學士,美國,1,1,0,2,0,0
0014,國立高雄師範大學,碩士,日本,0,1,1,0,0,0
0014,國立高雄師範大學,碩士,馬來西亞,2,5,3,4,1,2
0014,國立高雄師範大學,碩士,加拿大,0,1,0,1,0,0
0014,國立高雄師範大學,學士,印尼,3,3,3,3,0,0
0014,國立高雄師範大學,學士,日本,2,0,1,1,0,0
0014,國立高雄師範大學,學士,馬來西亞,15,24,12,27,2,2
0014,國立高雄師範大學,學士,新加坡,1,0,0,1,0,0
0014,國立高雄師範大學,學士,泰國,0,1,0,1,0,0
0014,國立高雄師範大學,學士,越南,0,1,0,1,0,0
0014,國立高雄師範大學,學士,美國,0,1,0,1,0,0
0014,國立高雄師範大學,學士,厄瓜多,0,1,0,1,0,0
0015,國立彰化師範大學,博士,馬來西亞,1,1,0,2,0,0
0015,國立彰化師範大學,碩士,馬來西亞,1,9,3,7,0,0
0015,國立彰化師範大學,碩士,美國,0,1,0,1,0,0
0015,國立彰化師範大學,學士,緬甸,1,4,1,4,0,1
0015,國立彰化師範大學,學士,印尼,4,2,3,3,0,0
0015,國立彰化師範大學,學士,日本,1,0,0,1,0,0
0015,國立彰化師範大學,學士,馬來西亞,33,21,16,38,7,6
0015,國立彰化師範大學,學士,新加坡,1,0,0,1,0,1
0015,國立彰化師範大學,學士,越南,1,2,1,2,0,0
0015,國立彰化師範大學,學士,加拿大,1,0,0,1,0,0
0015,國立彰化師範大學,學士,秘魯,1,0,0,1,0,0
0016,國立陽明大學,博士,馬來西亞,1,2,0,3,0,0
0016,國立陽明大學,博士,泰國,1,0,0,1,0,0
0016,國立陽明大學,博士,多明尼加,1,0,0,1,0,0
0016,國立陽明大學,碩士,馬來西亞,2,2,1,3,0,1
0016,國立陽明大學,碩士,加拿大,0,0,0,0,0,1
0016,國立陽明大學,碩士,美國,0,1,0,1,0,0
0016,國立陽明大學,學士,緬甸,0,3,1,2,0,0
0016,國立陽明大學,學士,印尼,4,3,2,5,0,1
0016,國立陽明大學,學士,南韓,2,2,0,4,1,0
0016,國立陽明大學,學士,馬來西亞,15,28,11,32,2,2
0016,國立陽明大學,學士,新加坡,0,1,0,1,0,0
0016,國立陽明大學,學士,泰國,0,2,1,1,0,0
0016,國立陽明大學,學士,加拿大,2,1,0,3,0,0
0016,國立陽明大學,學士,美國,5,2,1,6,0,0
0016,國立陽明大學,學士,巴拉圭,0,1,0,1,0,0
0017,國立臺北大學,碩士,緬甸,1,0,0,1,0,0
0017,國立臺北大學,碩士,馬來西亞,1,1,1,1,2,1
0017,國立臺北大學,碩士,加拿大,1,0,0,1,0,0
0017,國立臺北大學,碩士,美國,1,0,0,1,0,0
0017,國立臺北大學,碩士,智利,1,0,0,1,0,0
0017,國立臺北大學,學士,緬甸,8,16,6,18,0,3
0017,國立臺北大學,學士,印尼,0,8,4,4,1,0
0017,國立臺北大學,學士,日本,2,4,0,6,1,0
0017,國立臺北大學,學士,南韓,0,2,0,2,0,0
0017,國立臺北大學,學士,馬來西亞,47,35,20,62,3,6
0017,國立臺北大學,學士,泰國,2,9,4,7,0,0
0017,國立臺北大學,學士,越南,1,1,0,2,0,0
0017,國立臺北大學,學士,巴布亞紐幾內亞,1,0,0,1,0,0
0017,國立臺北大學,學士,貝里斯,0,1,0,1,0,0
0017,國立臺北大學,學士,美國,4,0,0,4,0,0
0017,國立臺北大學,學士,智利,1,0,0,1,0,0
0017,國立臺北大學,學士,巴拉圭,1,0,0,1,0,0
0018,國立嘉義大學,碩士,印尼,1,0,0,1,0,0
0018,國立嘉義大學,碩士,馬來西亞,6,3,5,4,1,0
0018,國立嘉義大學,碩士,澳大利亞,1,0,0,1,0,0
0018,國立嘉義大學,碩士,貝里斯,0,1,0,1,0,0
0018,國立嘉義大學,學士,印尼,16,5,7,14,1,2
0018,國立嘉義大學,學士,日本,1,0,0,1,0,0
0018,國立嘉義大學,學士,馬來西亞,89,77,42,124,12,14
0018,國立嘉義大學,學士,泰國,2,0,0,2,0,1
0018,國立嘉義大學,學士,越南,2,0,2,0,0,0
0018,國立嘉義大學,學士,汶萊,1,0,0,1,0,0
0018,國立嘉義大學,學士,南非,1,1,0,2,0,0
0018,國立嘉義大學,學士,加拿大,0,1,0,1,1,0
0018,國立嘉義大學,學士,尼加拉瓜,1,0,0,1,0,0
0018,國立嘉義大學,學士,貝里斯,1,0,0,1,0,0
0018,國立嘉義大學,學士,美國,0,1,1,0,0,0
0018,國立嘉義大學,學士,厄瓜多,0,1,0,1,0,0
0018,國立嘉義大學,學士,巴拉圭,0,0,0,0,1,0
0019,國立高雄大學,碩士,馬來西亞,2,2,2,2,0,0
0019,國立高雄大學,學士,緬甸,1,1,0,2,0,0
0019,國立高雄大學,學士,印尼,5,8,4,9,0,0
0019,國立高雄大學,學士,馬來西亞,36,23,16,43,6,2
0019,國立高雄大學,學士,泰國,0,1,0,1,1,0
0019,國立高雄大學,學士,越南,1,0,1,0,0,1
0019,國立高雄大學,學士,加拿大,1,0,0,1,0,0
0020,國立東華大學,碩士,印尼,1,1,0,2,0,0
0020,國立東華大學,碩士,馬來西亞,2,6,3,5,1,0
0020,國立東華大學,碩士,菲律賓,1,0,1,0,0,0
0020,國立東華大學,學士,緬甸,2,2,2,2,0,0
0020,國立東華大學,學士,印尼,5,4,5,4,1,1
0020,國立東華大學,學士,日本,0,1,0,1,0,0
0020,國立東華大學,學士,南韓,0,1,0,1,0,0
0020,國立東華大學,學士,黎巴嫩,0,1,0,1,0,0
0020,國立東華大學,學士,馬來西亞,71,58,45,84,10,10
0020,國立東華大學,學士,新加坡,1,0,1,0,0,0
0020,國立東華大學,學士,泰國,0,1,0,1,0,0
0020,國立東華大學,學士,阿拉伯聯合大公國,0,1,1,0,0,0
0020,國立東華大學,學士,越南,2,0,0,2,0,0
0020,國立東華大學,學士,貝里斯,2,0,0,2,0,0
0021,國立暨南國際大學,博士,緬甸,0,1,0,1,0,0
0021,國立暨南國際大學,碩士,印尼,0,1,0,1,0,0
0021,國立暨南國際大學,碩士,馬來西亞,5,4,3,6,0,0
0021,國立暨南國際大學,學士,緬甸,4,4,2,6,0,0
0021,國立暨南國際大學,學士,印尼,9,14,3,20,2,2
0021,國立暨南國際大學,學士,日本,0,1,0,1,0,0
0021,國立暨南國際大學,學士,南韓,1,0,0,1,0,0
0021,國立暨南國際大學,學士,馬來西亞,101,66,51,116,11,12
0021,國立暨南國際大學,學士,新加坡,0,1,0,1,0,0
0021,國立暨南國際大學,學士,泰國,3,3,1,5,1,0
0021,國立暨南國際大學,學士,越南,4,4,4,4,0,1
0021,國立暨南國際大學,學士,南非,0,1,0,1,1,0
0021,國立暨南國際大學,學士,匈牙利,1,0,1,0,0,0
0021,國立暨南國際大學,學士,美國,3,1,0,4,0,1
0021,國立暨南國際大學,學士,巴西,1,1,0,2,0,0
0021,國立暨南國際大學,學士,厄瓜多,1,1,0,2,0,0
0021,國立暨南國際大學,學士,巴拉圭,1,0,0,1,0,0
0022,國立臺灣科技大學,碩士,緬甸,0,0,0,0,0,1
0022,國立臺灣科技大學,碩士,印尼,0,1,1,0,0,0
0022,國立臺灣科技大學,碩士,約旦,0,2,0,2,0,0
0022,國立臺灣科技大學,碩士,馬來西亞,3,2,2,3,1,0
0022,國立臺灣科技大學,碩士,泰國,1,0,1,0,0,0
0022,國立臺灣科技大學,碩士,越南,0,0,0,0,1,0
0022,國立臺灣科技大學,碩士,加拿大,1,1,1,1,0,0
0022,國立臺灣科技大學,碩士,美國,0,0,0,0,0,1
0022,國立臺灣科技大學,學士,緬甸,2,6,2,6,0,0
0022,國立臺灣科技大學,學士,印尼,19,11,11,19,0,1
0022,國立臺灣科技大學,學士,日本,2,4,3,3,0,0
0022,國立臺灣科技大學,學士,南韓,2,0,1,1,0,0
0022,國立臺灣科技大學,學士,馬來西亞,40,13,22,31,3,1
0022,國立臺灣科技大學,學士,菲律賓,1,0,0,1,0,0
0022,國立臺灣科技大學,學士,泰國,3,3,3,3,1,0
0022,國立臺灣科技大學,學士,越南,2,1,0,3,0,0
0022,國立臺灣科技大學,學士,南非,1,1,0,2,0,0
0022,國立臺灣科技大學,學士,加拿大,2,1,2,1,0,0
0022,國立臺灣科技大學,學士,墨西哥,1,0,0,1,0,0
0022,國立臺灣科技大學,學士,貝里斯,0,1,1,0,0,0
0022,國立臺灣科技大學,學士,美國,4,0,1,3,0,0
0022,國立臺灣科技大學,學士,阿根廷,1,0,0,1,0,0
0023,國立雲林科技大學,碩士,馬來西亞,2,1,1,2,0,0
0023,國立雲林科技大學,學士,緬甸,1,0,1,0,0,0
0023,國立雲林科技大學,學士,印尼,3,6,7,2,1,0
0023,國立雲林科技大學,學士,馬來西亞,39,20,31,28,3,2
0023,國立雲林科技大學,學士,泰國,1,1,1,1,0,0
0023,國立雲林科技大學,學士,越南,1,0,1,0,0,0
0023,國立雲林科技大學,學士,紐西蘭,1,0,0,1,0,0
0023,國立雲林科技大學,學士,加拿大,1,1,0,2,0,0
0023,國立雲林科技大學,學士,哥斯大黎加,0,1,0,1,0,0
0023,國立雲林科技大學,學士,智利,0,0,0,0,0,1
0023,國立雲林科技大學,學士,厄瓜多,0,1,1,0,0,0
0024,國立屏東科技大學,碩士,馬來西亞,3,0,2,1,1,1
0024,國立屏東科技大學,學士,緬甸,0,1,0,1,0,0
0024,國立屏東科技大學,學士,印尼,3,2,3,2,0,0
0024,國立屏東科技大學,學士,日本,0,1,0,1,0,0
0024,國立屏東科技大學,學士,南韓,1,0,0,1,0,0
0024,國立屏東科技大學,學士,馬來西亞,71,52,37,86,3,2
0024,國立屏東科技大學,學士,新加坡,1,0,0,1,0,0
0024,國立屏東科技大學,學士,泰國,1,1,1,1,0,0
0024,國立屏東科技大學,學士,越南,0,1,0,1,0,0
0024,國立屏東科技大學,學士,加拿大,1,1,0,2,0,0
0024,國立屏東科技大學,學士,美國,2,1,0,3,0,0
0024,國立屏東科技大學,學士,阿根廷,0,1,0,1,0,0
0024,國立屏東科技大學,學士,巴拉圭,1,0,0,1,0,0
0025,國立臺北科技大學,碩士,緬甸,0,0,0,0,1,0
0025,國立臺北科技大學,碩士,馬來西亞,3,1,2,2,1,1
0025,國立臺北科技大學,碩士,加拿大,0,0,0,0,1,0
0025,國立臺北科技大學,學士,緬甸,4,9,2,11,1,0
0025,國立臺北科技大學,學士,印尼,13,6,11,8,0,1
0025,國立臺北科技大學,學士,日本,0,2,1,1,0,0
0025,國立臺北科技大學,學士,約旦,1,0,1,0,0,0
0025,國立臺北科技大學,學士,南韓,1,0,0,1,0,0
0025,國立臺北科技大學,學士,馬來西亞,33,7,20,20,0,1
0025,國立臺北科技大學,學士,菲律賓,1,0,1,0,0,0
0025,國立臺北科技大學,學士,泰國,2,0,1,1,2,0
0025,國立臺北科技大學,學士,越南,4,1,2,3,1,0
0025,國立臺北科技大學,學士,埃及,0,1,0,1,0,0
0025,國立臺北科技大學,學士,南非,1,1,1,1,0,0
0025,國立臺北科技大學,學士,加拿大,2,0,1,1,0,0
0025,國立臺北科技大學,學士,貝里斯,0,0,0,0,1,0
0025,國立臺北科技大學,學士,美國,1,1,1,1,0,0
0025,國立臺北科技大學,學士,秘魯,1,0,0,1,0,0
0026,國立高雄第一科技大學,碩士,馬來西亞,1,0,0,1,0,0
0026,國立高雄第一科技大學,學士,緬甸,0,1,0,1,0,0
0026,國立高雄第一科技大學,學士,印尼,0,2,2,0,0,0
0026,國立高雄第一科技大學,學士,日本,1,2,1,2,0,0
0026,國立高雄第一科技大學,學士,馬來西亞,13,10,5,18,3,1
0026,國立高雄第一科技大學,學士,泰國,1,0,0,1,0,0
0026,國立高雄第一科技大學,學士,越南,1,3,2,2,0,0
0026,國立高雄第一科技大學,學士,象牙海岸,0,1,0,1,0,0
0026,國立高雄第一科技大學,學士,加拿大,0,1,1,0,0,0
0026,國立高雄第一科技大學,學士,阿根廷,0,0,0,0,1,0
0026,國立高雄第一科技大學,學士,巴拉圭,0,1,0,1,0,0
0027,國立高雄應用科技大學,博士,馬來西亞,0,1,0,1,0,0
0027,國立高雄應用科技大學,碩士,緬甸,1,0,0,1,0,0
0027,國立高雄應用科技大學,學士,緬甸,2,3,4,1,0,0
0027,國立高雄應用科技大學,學士,印尼,11,6,3,14,1,0
0027,國立高雄應用科技大學,學士,日本,0,1,0,1,0,0
0027,國立高雄應用科技大學,學士,馬來西亞,26,13,10,29,0,0
0027,國立高雄應用科技大學,學士,越南,1,3,0,4,0,1
0027,國立高雄應用科技大學,學士,南非,1,0,0,1,0,0
0027,國立高雄應用科技大學,學士,加拿大,0,0,0,0,1,0
0027,國立高雄應用科技大學,學士,薩爾瓦多,1,0,0,1,0,0
0028,國立臺北藝術大學,碩士,南韓,0,1,0,1,0,0
0028,國立臺北藝術大學,碩士,馬來西亞,8,8,6,10,2,1
0028,國立臺北藝術大學,碩士,泰國,0,1,0,1,0,0
0028,國立臺北藝術大學,碩士,美國,1,1,0,2,0,0
0028,國立臺北藝術大學,學士,日本,0,1,1,0,0,0
0028,國立臺北藝術大學,學士,馬來西亞,10,9,6,13,1,3
0028,國立臺北藝術大學,學士,菲律賓,0,0,0,0,0,1
0028,國立臺北藝術大學,學士,泰國,1,0,0,1,0,0
0028,國立臺北藝術大學,學士,加拿大,0,1,1,0,0,0
0028,國立臺北藝術大學,學士,美國,1,0,0,1,0,0
0029,國立臺灣藝術大學,碩士,日本,1,0,0,1,0,0
0029,國立臺灣藝術大學,碩士,馬來西亞,5,6,4,7,0,1
0029,國立臺灣藝術大學,碩士,菲律賓,1,0,0,1,0,0
0029,國立臺灣藝術大學,碩士,泰國,1,0,0,1,0,0
0029,國立臺灣藝術大學,碩士,南非,1,0,1,0,0,0
0029,國立臺灣藝術大學,碩士,加拿大,0,1,0,1,0,1
0029,國立臺灣藝術大學,碩士,美國,1,0,0,1,0,0
0029,國立臺灣藝術大學,學士,緬甸,1,0,0,1,0,0
0029,國立臺灣藝術大學,學士,印尼,1,4,0,5,0,1
0029,國立臺灣藝術大學,學士,南韓,0,1,0,1,0,1
0029,國立臺灣藝術大學,學士,馬來西亞,7,19,6,20,3,3
0029,國立臺灣藝術大學,學士,泰國,1,0,0,1,0,0
0029,國立臺灣藝術大學,學士,越南,0,3,0,3,1,0
0029,國立臺灣藝術大學,學士,美國,1,1,0,2,0,0
0029,國立臺灣藝術大學,學士,秘魯,0,1,0,1,0,0
0030,國立臺東大學,碩士,馬來西亞,0,1,1,0,0,0
0030,國立臺東大學,學士,緬甸,0,2,1,1,0,0
0030,國立臺東大學,學士,印尼,1,1,0,2,0,2
0030,國立臺東大學,學士,馬來西亞,12,17,9,20,1,1
0031,國立宜蘭大學,碩士,馬來西亞,3,1,4,0,0,1
0031,國立宜蘭大學,學士,緬甸,0,3,2,1,0,0
0031,國立宜蘭大學,學士,印尼,1,2,0,3,1,0
0031,國立宜蘭大學,學士,馬來西亞,33,16,19,30,4,1
0031,國立宜蘭大學,學士,越南,0,1,0,1,0,0
0032,國立聯合大學,碩士,印尼,1,0,1,0,0,0
0032,國立聯合大學,碩士,馬來西亞,1,1,2,0,0,0
0032,國立聯合大學,學士,緬甸,1,0,1,0,0,0
0032,國立聯合大學,學士,印尼,4,2,2,4,0,3
0032,國立聯合大學,學士,南韓,1,0,0,1,0,0
0032,國立聯合大學,學士,馬來西亞,20,9,9,20,4,3
0032,國立聯合大學,學士,泰國,1,0,0,1,0,0
0032,國立聯合大學,學士,越南,0,1,0,1,0,1
0032,國立聯合大學,學士,南非,1,0,0,1,0,1
0032,國立聯合大學,學士,墨西哥,0,1,0,1,0,0
0033,國立虎尾科技大學,學士,印尼,3,1,1,3,0,0
0033,國立虎尾科技大學,學士,馬來西亞,15,4,4,15,3,0
0033,國立虎尾科技大學,學士,美國,0,1,0,1,0,0
0034,國立高雄海洋科技大學,學士,緬甸,2,0,0,2,0,0
0034,國立高雄海洋科技大學,學士,印尼,4,1,2,3,0,0
0034,國立高雄海洋科技大學,學士,日本,2,0,2,0,0,0
0034,國立高雄海洋科技大學,學士,馬來西亞,16,8,6,18,3,1
0035,國立臺南藝術大學,學士,馬來西亞,1,0,1,0,0,1
0036,國立臺南大學,碩士,馬來西亞,2,2,1,3,1,0
0036,國立臺南大學,碩士,新加坡,1,0,0,1,0,0
0036,國立臺南大學,學士,緬甸,0,1,0,1,0,0
0036,國立臺南大學,學士,印尼,3,2,0,5,0,0
0036,國立臺南大學,學士,馬來西亞,21,24,15,30,3,2
0036,國立臺南大學,學士,美國,1,0,1,0,0,0
0036,國立臺南大學,學士,厄瓜多,0,0,0,0,0,1
0036,國立臺南大學,學士,巴拉圭,0,1,0,1,0,0
0037,國立臺北教育大學,碩士,馬來西亞,2,3,3,2,0,1
0037,國立臺北教育大學,碩士,加拿大,1,0,1,0,0,0
0037,國立臺北教育大學,碩士,美國,0,1,1,0,0,0
0037,國立臺北教育大學,學士,緬甸,5,6,3,8,1,0
0037,國立臺北教育大學,學士,印尼,0,4,3,1,0,0
0037,國立臺北教育大學,學士,日本,2,2,0,4,0,0
0037,國立臺北教育大學,學士,馬來西亞,14,28,15,27,0,3
0037,國立臺北教育大學,學士,新加坡,0,1,0,1,0,0
0037,國立臺北教育大學,學士,泰國,0,1,0,1,0,0
0037,國立臺北教育大學,學士,加拿大,1,0,0,1,0,0
0038,國立新竹教育大學,碩士,馬來西亞,0,2,1,1,0,0
0038,國立新竹教育大學,學士,緬甸,0,4,4,0,0,0
0038,國立新竹教育大學,學士,印尼,1,2,1,2,0,0
0038,國立新竹教育大學,學士,日本,0,1,0,1,0,1
0038,國立新竹教育大學,學士,南韓,0,1,1,0,0,0
0038,國立新竹教育大學,學士,馬來西亞,8,26,13,21,0,1
0038,國立新竹教育大學,學士,泰國,0,1,0,1,0,0
0038,國立新竹教育大學,學士,越南,0,1,0,1,0,0
0038,國立新竹教育大學,學士,汶萊,1,0,1,0,0,0
0038,國立新竹教育大學,學士,加拿大,1,0,1,0,0,0
0038,國立新竹教育大學,學士,委內瑞拉,0,1,1,0,0,0
0039,國立臺中教育大學,碩士,馬來西亞,0,4,2,2,0,0
0039,國立臺中教育大學,學士,緬甸,3,7,4,6,0,0
0039,國立臺中教育大學,學士,印尼,6,11,6,11,0,0
0039,國立臺中教育大學,學士,南韓,0,1,0,1,0,0
0039,國立臺中教育大學,學士,馬來西亞,18,40,19,39,1,2
0039,國立臺中教育大學,學士,泰國,2,0,0,2,0,0
0039,國立臺中教育大學,學士,越南,0,4,2,2,0,0
0039,國立臺中教育大學,學士,汶萊,1,0,0,1,0,0
0039,國立臺中教育大學,學士,美國,0,1,0,1,0,0
0039,國立臺中教育大學,學士,阿根廷,1,0,1,0,0,0
0039,國立臺中教育大學,學士,厄瓜多,0,1,0,1,0,0
0042,國立澎湖科技大學,學士,印尼,2,0,1,1,0,0
0042,國立澎湖科技大學,學士,馬來西亞,16,5,6,15,0,0
0043,國立勤益科技大學,學士,緬甸,0,1,0,1,0,0
0043,國立勤益科技大學,學士,印尼,0,3,0,3,1,0
0043,國立勤益科技大學,學士,馬來西亞,9,2,5,6,2,1
0043,國立勤益科技大學,學士,泰國,0,0,0,0,0,1
0043,國立勤益科技大學,學士,越南,0,1,0,1,0,1
0043,國立勤益科技大學,學士,南非,1,0,0,1,0,0
0043,國立勤益科技大學,學士,多明尼加,1,0,1,0,0,0
0043,國立勤益科技大學,學士,智利,0,0,0,0,1,0
0043,國立勤益科技大學,學士,厄瓜多,1,0,0,1,0,0
0044,國立體育大學,碩士,馬來西亞,3,0,2,1,1,0
0044,國立體育大學,學士,馬來西亞,9,3,4,8,1,0
0044,國立體育大學,學士,越南,1,0,0,1,0,0
0044,國立體育大學,學士,南非,1,0,0,1,0,0
0046,國立臺北護理健康大學,碩士,馬來西亞,1,0,0,1,0,0
0046,國立臺北護理健康大學,碩士,巴拉圭,0,0,0,0,0,1
0046,國立臺北護理健康大學,學士,緬甸,1,5,1,5,0,0
0046,國立臺北護理健康大學,學士,馬來西亞,3,16,8,11,0,0
0046,國立臺北護理健康大學,學士,泰國,0,0,0,0,0,1
0046,國立臺北護理健康大學,學士,越南,0,1,1,0,0,0
0046,國立臺北護理健康大學,學士,多明尼加,0,1,0,1,0,0
0047,國立高雄餐旅大學,碩士,緬甸,0,1,0,1,0,0
0047,國立高雄餐旅大學,碩士,印尼,0,0,0,0,1,0
0047,國立高雄餐旅大學,碩士,馬來西亞,2,1,2,1,0,0
0047,國立高雄餐旅大學,學士,緬甸,1,1,1,1,0,0
0047,國立高雄餐旅大學,學士,印尼,10,29,11,28,4,2
0047,國立高雄餐旅大學,學士,馬來西亞,28,41,19,50,4,6
0047,國立高雄餐旅大學,學士,菲律賓,0,1,0,1,0,0
0047,國立高雄餐旅大學,學士,泰國,2,2,1,3,0,0
0047,國立高雄餐旅大學,學士,阿拉伯聯合大公國,0,0,0,0,1,0
0047,國立高雄餐旅大學,學士,越南,1,3,2,2,0,0
0047,國立高雄餐旅大學,學士,澳大利亞,0,1,0,1,1,0
0047,國立高雄餐旅大學,學士,紐西蘭,1,0,0,1,0,0
0047,國立高雄餐旅大學,學士,南非,0,2,0,2,0,1
0047,國立高雄餐旅大學,學士,加拿大,1,0,0,1,0,0
0047,國立高雄餐旅大學,學士,哥斯大黎加,0,0,0,0,1,0
0047,國立高雄餐旅大學,學士,多明尼加,1,1,0,2,0,0
0047,國立高雄餐旅大學,學士,貝里斯,1,1,0,2,0,1
0047,國立高雄餐旅大學,學士,美國,1,1,0,2,0,0
0047,國立高雄餐旅大學,學士,巴西,1,2,2,1,0,0
0047,國立高雄餐旅大學,學士,厄瓜多,1,0,1,0,0,0
0048,國立金門大學,學士,馬來西亞,21,14,13,22,3,0
0048,國立金門大學,學士,越南,2,0,0,2,0,0
0049,國立臺灣體育運動大學,碩士,馬來西亞,0,3,1,2,0,0
0049,國立臺灣體育運動大學,學士,印尼,0,1,0,1,0,0
0049,國立臺灣體育運動大學,學士,日本,2,0,1,1,0,0
0049,國立臺灣體育運動大學,學士,馬來西亞,19,4,5,18,0,0
0049,國立臺灣體育運動大學,學士,貝里斯,1,0,0,1,0,0
0050,國立臺中科技大學,學士,緬甸,1,0,0,1,0,1
0050,國立臺中科技大學,學士,印尼,5,2,1,6,1,0
0050,國立臺中科技大學,學士,日本,0,0,0,0,0,1
0050,國立臺中科技大學,學士,馬來西亞,12,9,10,11,0,1
0050,國立臺中科技大學,學士,泰國,1,1,1,1,0,0
0050,國立臺中科技大學,學士,越南,5,3,2,6,0,0
0050,國立臺中科技大學,學士,南非,1,0,0,1,0,0
0050,國立臺中科技大學,學士,美國,0,1,1,0,0,0
0050,國立臺中科技大學,學士,多米尼克,1,0,1,0,0,0
0050,國立臺中科技大學,專科,日本,1,0,0,1,0,0
0050,國立臺中科技大學,專科,泰國,3,7,2,8,0,0
0050,國立臺中科技大學,專科,越南,0,0,0,0,1,0
0050,國立臺中科技大學,專科,貝里斯,1,0,1,0,0,0
0050,國立臺中科技大學,專科,阿根廷,1,0,0,1,0,0
0051,國立臺北商業大學,碩士,印尼,2,1,3,0,0,0
0051,國立臺北商業大學,碩士,南韓,0,1,0,1,0,0
0051,國立臺北商業大學,碩士,越南,0,1,0,1,0,0
0051,國立臺北商業大學,學士,緬甸,3,10,4,9,0,1
0051,國立臺北商業大學,學士,印尼,3,10,5,8,0,1
0051,國立臺北商業大學,學士,印尼,0,1,0,1,0,0
0051,國立臺北商業大學,學士,日本,1,3,0,4,0,2
0051,國立臺北商業大學,學士,馬來西亞,10,6,9,7,0,0
0051,國立臺北商業大學,學士,菲律賓,0,1,0,1,0,1
0051,國立臺北商業大學,學士,泰國,1,5,0,6,0,0
0051,國立臺北商業大學,學士,越南,4,8,4,8,0,0
0051,國立臺北商業大學,學士,越南,1,0,0,1,0,0
0051,國立臺北商業大學,學士,澳大利亞,1,1,1,1,0,0
0051,國立臺北商業大學,學士,模里西斯,0,1,0,1,0,0
0051,國立臺北商業大學,學士,巴拿馬,1,0,0,1,0,0
0051,國立臺北商業大學,學士,巴西,1,0,0,1,0,0
0051,國立臺北商業大學,專科,緬甸,2,1,1,2,0,0
0051,國立臺北商業大學,專科,印尼,2,1,1,2,0,1
0051,國立臺北商業大學,專科,日本,0,1,0,1,0,0
0051,國立臺北商業大學,專科,約旦,1,1,1,1,0,0
0051,國立臺北商業大學,專科,馬來西亞,1,2,0,3,0,0
0051,國立臺北商業大學,專科,巴基斯坦,1,0,0,1,0,0
0051,國立臺北商業大學,專科,菲律賓,0,1,0,1,0,0
0051,國立臺北商業大學,專科,泰國,0,2,0,2,0,0
0051,國立臺北商業大學,專科,越南,0,1,0,1,0,0
0051,國立臺北商業大學,專科,南非,1,1,0,2,0,0
0051,國立臺北商業大學,專科,加拿大,0,1,0,1,0,0
0051,國立臺北商業大學,專科,美國,1,2,0,3,0,0
0052,國立屏東大學,碩士,緬甸,0,1,0,1,0,0
0052,國立屏東大學,學士,緬甸,0,1,1,0,0,1
0052,國立屏東大學,學士,印尼,0,1,0,1,0,1
0052,國立屏東大學,學士,馬來西亞,24,36,33,27,1,7
0052,國立屏東大學,學士,新加坡,1,0,1,0,0,0
0052,國立屏東大學,學士,泰國,1,0,0,1,0,0
0052,國立屏東大學,學士,越南,2,0,1,1,0,0
0052,國立屏東大學,學士,墨西哥,0,1,0,1,0,0
0052,國立屏東大學,學士,阿根廷,0,1,0,1,0,0
1001,東海大學,碩士,日本,1,0,0,1,0,0
1001,東海大學,碩士,馬來西亞,1,1,0,2,1,1
1001,東海大學,碩士,菲律賓,0,0,0,0,0,1
1001,東海大學,學士,孟加拉,0,1,0,1,0,0
1001,東海大學,學士,印尼,13,11,6,18,1,3
1001,東海大學,學士,日本,1,1,0,2,1,0
1001,東海大學,學士,南韓,0,0,0,0,1,0
1001,東海大學,學士,馬來西亞,69,62,20,111,8,8
1001,東海大學,學士,泰國,0,2,0,2,1,0
1001,東海大學,學士,越南,2,1,0,3,1,0
1001,東海大學,學士,汶萊,0,2,0,2,0,0
1001,東海大學,學士,紐西蘭,1,0,0,1,0,0
1001,東海大學,學士,模里西斯,0,1,0,1,0,0
1001,東海大學,學士,南非,1,0,0,1,0,0
1001,東海大學,學士,瓜地馬拉,0,0,0,0,0,1
1001,東海大學,學士,尼加拉瓜,1,0,0,1,0,0
1001,東海大學,學士,美國,1,1,0,2,1,0
1001,東海大學,學士,阿根廷,0,0,0,0,1,0
1001,東海大學,學士,委內瑞拉,0,0,0,0,1,0
1002,輔仁大學,博士,馬來西亞,1,0,0,1,0,0
1002,輔仁大學,碩士,印尼,1,1,1,1,0,0
1002,輔仁大學,碩士,馬來西亞,7,5,4,8,0,0
1002,輔仁大學,碩士,南非,0,1,0,1,0,0
1002,輔仁大學,碩士,加拿大,1,1,0,2,0,0
1002,輔仁大學,碩士,瓜地馬拉,0,1,0,1,0,0
1002,輔仁大學,碩士,厄瓜多,0,1,0,1,0,0
1002,輔仁大學,碩士,巴拉圭,0,0,0,0,0,1
1002,輔仁大學,學士,巴林,0,1,0,1,0,0
1002,輔仁大學,學士,緬甸,0,1,0,1,1,0
1002,輔仁大學,學士,印尼,6,3,3,6,0,0
1002,輔仁大學,學士,日本,5,5,2,8,0,0
1002,輔仁大學,學士,南韓,0,5,2,3,0,0
1002,輔仁大學,學士,馬來西亞,61,90,38,113,10,17
1002,輔仁大學,學士,菲律賓,0,1,0,1,0,0
1002,輔仁大學,學士,沙烏地阿拉伯,0,1,0,1,0,0
1002,輔仁大學,學士,新加坡,2,0,1,1,1,1
1002,輔仁大學,學士,泰國,1,6,2,5,0,2
1002,輔仁大學,學士,越南,1,0,0,1,0,0
1002,輔仁大學,學士,紐西蘭,0,2,1,1,0,0
1002,輔仁大學,學士,模里西斯,0,1,0,1,0,0
1002,輔仁大學,學士,南非,1,1,0,2,0,0
1002,輔仁大學,學士,加拿大,1,2,0,3,0,3
1002,輔仁大學,學士,多明尼加,0,0,0,0,1,0
1002,輔仁大學,學士,瓜地馬拉,0,1,1,0,0,0
1002,輔仁大學,學士,墨西哥,0,1,0,1,0,0
1002,輔仁大學,學士,美國,8,2,0,10,0,0
1002,輔仁大學,學士,阿根廷,0,1,0,1,0,1
1002,輔仁大學,學士,厄瓜多,0,1,0,1,0,0
1002,輔仁大學,學士,巴拉圭,0,1,0,1,0,0
1003,東吳大學,碩士,馬來西亞,0,0,0,0,0,1
1003,東吳大學,碩士,南非,0,1,0,1,1,0
1003,東吳大學,碩士,加拿大,0,0,0,0,1,1
1003,東吳大學,學士,緬甸,0,1,0,1,0,0
1003,東吳大學,學士,印尼,1,4,2,3,0,0
1003,東吳大學,學士,日本,1,2,0,3,0,2
1003,東吳大學,學士,南韓,2,8,2,8,0,0
1003,東吳大學,學士,馬來西亞,38,30,26,42,3,3
1003,東吳大學,學士,新加坡,1,0,0,1,0,1
1003,東吳大學,學士,泰國,3,3,1,5,0,0
1003,東吳大學,學士,越南,2,2,1,3,0,0
1003,東吳大學,學士,澳大利亞,1,0,1,0,0,0
1003,東吳大學,學士,南非,0,0,0,0,0,1
1003,東吳大學,學士,加拿大,1,0,1,0,0,0
1003,東吳大學,學士,多明尼加,1,0,0,1,0,0
1003,東吳大學,學士,美國,2,2,0,4,0,0
1003,東吳大學,學士,厄瓜多,0,1,0,1,0,0
1003,東吳大學,學士,秘魯,0,1,0,1,0,0
1004,中原大學,碩士,印尼,1,0,0,1,0,1
1004,中原大學,碩士,馬來西亞,0,0,0,0,0,1
1004,中原大學,碩士,越南,0,2,0,2,0,1
1004,中原大學,學士,緬甸,1,0,0,1,0,1
1004,中原大學,學士,印尼,20,30,23,27,1,5
1004,中原大學,學士,日本,0,0,0,0,0,1
1004,中原大學,學士,馬來西亞,31,30,24,37,4,1
1004,中原大學,學士,沙烏地阿拉伯,0,1,1,0,0,0
1004,中原大學,學士,泰國,1,2,1,2,0,0
1004,中原大學,學士,越南,2,5,1,6,0,1
1004,中原大學,學士,汶萊,1,0,0,1,0,0
1004,中原大學,學士,瑞典,0,1,1,0,0,0
1004,中原大學,學士,美國,1,1,1,1,0,0
1005,淡江大學,博士,馬來西亞,0,1,0,1,0,0
1005,淡江大學,博士,美國,0,1,0,1,0,0
1005,淡江大學,碩士,緬甸,0,1,0,1,0,0
1005,淡江大學,碩士,馬來西亞,3,2,1,4,1,0
1005,淡江大學,碩士,泰國,0,1,0,1,0,0
1005,淡江大學,碩士,加拿大,1,0,1,0,0,0
1005,淡江大學,碩士,美國,1,0,0,1,0,0
1005,淡江大學,學士,緬甸,2,3,2,3,0,0
1005,淡江大學,學士,印尼,11,14,10,15,1,3
1005,淡江大學,學士,日本,5,3,3,5,0,1
1005,淡江大學,學士,南韓,6,6,3,9,1,0
1005,淡江大學,學士,科威特,1,0,0,1,0,0
1005,淡江大學,學士,寮國,0,1,0,1,0,0
1005,淡江大學,學士,馬來西亞,115,92,62,145,11,10
1005,淡江大學,學士,新加坡,0,1,0,1,0,0
1005,淡江大學,學士,泰國,1,3,1,3,0,3
1005,淡江大學,學士,越南,3,5,4,4,0,1
1005,淡江大學,學士,汶萊,0,1,0,1,0,0
1005,淡江大學,學士,澳大利亞,0,0,0,0,1,0
1005,淡江大學,學士,象牙海岸,1,0,0,1,0,0
1005,淡江大學,學士,南非,1,1,1,1,0,0
1005,淡江大學,學士,英國,1,0,0,1,0,0
1005,淡江大學,學士,加拿大,6,2,1,7,1,0
1005,淡江大學,學士,哥斯大黎加,2,0,0,2,0,0
1005,淡江大學,學士,多明尼加,0,2,0,2,1,0
1005,淡江大學,學士,薩爾瓦多,0,0,0,0,1,0
1005,淡江大學,學士,瓜地馬拉,0,0,0,0,1,1
1005,淡江大學,學士,美國,5,2,3,4,1,0
1005,淡江大學,學士,阿根廷,0,2,1,1,0,0
1005,淡江大學,學士,巴西,0,3,1,2,0,0
1005,淡江大學,學士,厄瓜多,1,0,0,1,0,0
1005,淡江大學,學士,委內瑞拉,1,1,1,1,0,0
1006,中國文化大學,碩士,印度,1,0,0,1,0,0
1006,中國文化大學,碩士,印尼,0,1,0,1,0,0
1006,中國文化大學,碩士,南韓,1,1,0,2,0,0
1006,中國文化大學,碩士,馬來西亞,2,1,0,3,0,1
1006,中國文化大學,學士,緬甸,0,2,0,2,0,0
1006,中國文化大學,學士,印尼,10,10,4,16,1,1
1006,中國文化大學,學士,日本,3,3,0,6,0,1
1006,中國文化大學,學士,南韓,7,10,1,16,1,0
1006,中國文化大學,學士,馬來西亞,68,85,32,121,13,14
1006,中國文化大學,學士,菲律賓,1,1,2,0,0,0
1006,中國文化大學,學士,新加坡,1,0,1,0,0,1
1006,中國文化大學,學士,泰國,0,2,1,1,0,1
1006,中國文化大學,學士,越南,1,0,0,1,0,0
1006,中國文化大學,學士,澳大利亞,0,1,0,1,0,0
1006,中國文化大學,學士,帛琉,0,1,1,0,0,0
1006,中國文化大學,學士,荷蘭,1,0,0,1,0,0
1006,中國文化大學,學士,加拿大,3,0,1,2,0,0
1006,中國文化大學,學士,瓜地馬拉,0,1,0,1,0,0
1006,中國文化大學,學士,貝里斯,0,0,0,0,1,0
1006,中國文化大學,學士,美國,0,3,1,2,0,0
1006,中國文化大學,學士,巴西,0,0,0,0,1,0
1006,中國文化大學,學士,智利,1,0,0,1,0,0
1006,中國文化大學,學士,巴拉圭,1,0,0,1,0,0
1007,逢甲大學,碩士,印尼,0,1,1,0,0,1
1007,逢甲大學,碩士,馬來西亞,3,0,2,1,1,0
1007,逢甲大學,碩士,加拿大,0,0,0,0,1,0
1007,逢甲大學,學士,緬甸,1,0,0,1,0,0
1007,逢甲大學,學士,印尼,7,6,5,8,1,0
1007,逢甲大學,學士,日本,0,1,0,1,0,0
1007,逢甲大學,學士,南韓,1,0,1,0,0,0
1007,逢甲大學,學士,馬來西亞,119,51,40,130,14,4
1007,逢甲大學,學士,泰國,0,2,0,2,0,1
1007,逢甲大學,學士,越南,1,1,0,2,0,0
1007,逢甲大學,學士,南非,1,0,0,1,3,0
1007,逢甲大學,學士,瑞士,0,1,1,0,0,0
1007,逢甲大學,學士,加拿大,3,0,1,2,0,1
1007,逢甲大學,學士,哥斯大黎加,0,0,0,0,0,1
1007,逢甲大學,學士,美國,1,1,1,1,0,0
1007,逢甲大學,學士,厄瓜多,0,0,0,0,1,0
1007,逢甲大學,學士,巴拉圭,0,1,0,1,0,0
1008,靜宜大學,碩士,馬來西亞,2,0,0,2,0,0
1008,靜宜大學,碩士,美國,0,0,0,0,0,1
1008,靜宜大學,學士,印尼,1,6,0,7,0,0
1008,靜宜大學,學士,馬來西亞,20,36,16,40,5,2
1008,靜宜大學,學士,葉門,0,1,0,1,0,0
1008,靜宜大學,學士,加拿大,1,2,0,3,0,1
1008,靜宜大學,學士,薩爾瓦多,1,0,0,1,0,0
1008,靜宜大學,學士,瓜地馬拉,2,0,0,2,0,0
1008,靜宜大學,學士,宏都拉斯,2,0,0,2,0,0
1008,靜宜大學,學士,墨西哥,0,0,0,0,0,1
1009,長庚大學,博士,馬來西亞,1,0,0,1,0,0
1009,長庚大學,博士,阿根廷,1,0,0,1,0,0
1009,長庚大學,碩士,馬來西亞,1,1,1,1,0,1
1009,長庚大學,碩士,泰國,0,1,1,0,0,0
1009,長庚大學,碩士,多明尼加,1,0,1,0,0,0
1009,長庚大學,學士,緬甸,1,2,1,2,0,0
1009,長庚大學,學士,印尼,1,1,0,2,0,0
1009,長庚大學,學士,日本,1,0,0,1,0,0
1009,長庚大學,學士,南韓,4,2,1,5,0,0
1009,長庚大學,學士,馬來西亞,13,21,11,23,2,3
1009,長庚大學,學士,新加坡,3,4,0,7,0,0
1009,長庚大學,學士,泰國,2,1,1,2,0,1
1009,長庚大學,學士,越南,1,2,1,2,0,1
1009,長庚大學,學士,澳大利亞,1,0,0,1,0,0
1009,長庚大學,學士,紐西蘭,1,0,0,1,0,0
1009,長庚大學,學士,南非,0,1,0,1,0,0
1009,長庚大學,學士,加拿大,5,0,0,5,0,0
1009,長庚大學,學士,多明尼加,0,0,0,0,1,0
1009,長庚大學,學士,美國,5,4,3,6,0,0
1009,長庚大學,學士,巴西,0,1,0,1,0,0
1009,長庚大學,學士,巴拉圭,0,0,0,0,1,0
1010,元智大學,學士,緬甸,0,0,0,0,1,0
1010,元智大學,學士,印尼,1,4,1,4,0,0
1010,元智大學,學士,日本,0,2,0,2,0,0
1010,元智大學,學士,馬來西亞,20,11,6,25,5,1
1010,元智大學,學士,新加坡,1,0,0,1,0,0
1010,元智大學,學士,泰國,1,0,0,1,0,0
1010,元智大學,學士,南非,0,0,0,0,1,0
1010,元智大學,學士,美國,0,1,0,1,0,0
1010,元智大學,學士,阿根廷,0,1,0,1,0,0
1011,中華大學,學士,印尼,0,1,1,0,0,0
1011,中華大學,學士,馬來西亞,6,1,1,6,0,0
1012,大葉大學,學士,印尼,3,0,0,3,0,0
1012,大葉大學,學士,馬來西亞,4,5,3,6,2,0
1012,大葉大學,學士,薩爾瓦多,0,0,0,0,1,0
1012,大葉大學,學士,貝里斯,1,0,0,1,0,0
1013,華梵大學,碩士,巴西,0,1,0,1,0,0
1013,華梵大學,學士,馬來西亞,1,0,0,1,0,0
1013,華梵大學,學士,泰國,1,0,0,1,0,0
1013,華梵大學,學士,德國,1,0,0,1,0,0
1014,義守大學,碩士,馬來西亞,0,2,0,2,0,0
1014,義守大學,碩士,馬拉威,1,0,0,1,0,0
1014,義守大學,學士,印尼,3,7,6,4,2,0
1014,義守大學,學士,南韓,1,1,0,2,1,0
1014,義守大學,學士,馬來西亞,33,64,21,76,8,12
1014,義守大學,學士,越南,0,1,0,1,1,0
1014,義守大學,學士,馬拉威,0,1,1,0,0,0
1014,義守大學,學士,南非,2,1,0,3,0,0
1014,義守大學,學士,加拿大,1,0,0,1,0,0
1014,義守大學,學士,美國,2,0,0,2,1,0
1014,義守大學,學士,巴西,0,1,0,1,0,0
1015,世新大學,碩士,印尼,0,0,0,0,0,1
1015,世新大學,碩士,馬來西亞,0,2,1,1,0,0
1015,世新大學,碩士,加拿大,1,0,0,1,0,0
1015,世新大學,學士,印尼,2,8,3,7,3,1
1015,世新大學,學士,日本,0,0,0,0,0,1
1015,世新大學,學士,南韓,1,1,1,1,0,0
1015,世新大學,學士,馬來西亞,71,116,44,143,7,27
1015,世新大學,學士,新加坡,0,2,0,2,0,2
1015,世新大學,學士,泰國,1,1,0,2,0,0
1015,世新大學,學士,越南,1,3,4,0,0,0
1015,世新大學,學士,南非,1,0,0,1,0,0
1015,世新大學,學士,納米比亞,0,0,0,0,0,1
1015,世新大學,學士,加拿大,0,1,0,1,0,1
1015,世新大學,學士,美國,1,0,0,1,1,0
1016,銘傳大學,博士,加拿大,1,0,0,1,0,0
1016,銘傳大學,碩士,馬來西亞,1,1,2,0,0,0
1016,銘傳大學,碩士,美國,1,1,1,1,0,0
1016,銘傳大學,學士,緬甸,0,1,1,0,0,0
1016,銘傳大學,學士,印尼,9,16,7,18,1,3
1016,銘傳大學,學士,日本,2,1,0,3,1,0
1016,銘傳大學,學士,南韓,5,2,2,5,0,0
1016,銘傳大學,學士,馬來西亞,100,101,57,144,9,18
1016,銘傳大學,學士,菲律賓,1,0,0,1,0,0
1016,銘傳大學,學士,泰國,0,3,2,1,0,0
1016,銘傳大學,學士,越南,3,1,1,3,0,1
1016,銘傳大學,學士,巴布亞紐幾內亞,0,1,0,1,0,0
1016,銘傳大學,學士,南非,0,1,1,0,0,0
1016,銘傳大學,學士,法國,0,1,1,0,0,0
1016,銘傳大學,學士,義大利,0,1,0,1,0,0
1016,銘傳大學,學士,德國,0,1,0,1,0,0
1016,銘傳大學,學士,加拿大,1,0,1,0,0,0
1016,銘傳大學,學士,瓜地馬拉,0,1,0,1,0,0
1016,銘傳大學,學士,貝里斯,1,0,1,0,0,0
1016,銘傳大學,學士,美國,0,1,0,1,1,1
1016,銘傳大學,學士,巴西,1,1,1,1,0,0
1017,實踐大學,博士,馬來西亞,0,1,0,1,0,0
1017,實踐大學,碩士,馬來西亞,0,1,0,1,0,0
1017,實踐大學,學士,緬甸,0,1,0,1,0,1
1017,實踐大學,學士,印尼,8,16,3,21,1,2
1017,實踐大學,學士,日本,0,1,0,1,0,0
1017,實踐大學,學士,南韓,1,2,0,3,0,0
1017,實踐大學,學士,馬來西亞,31,61,24,68,6,9
1017,實踐大學,學士,菲律賓,1,1,0,2,0,0
1017,實踐大學,學士,泰國,2,2,1,3,1,1
1017,實踐大學,學士,越南,0,2,1,1,0,0
1017,實踐大學,學士,南非,1,1,0,2,0,0
1017,實踐大學,學士,瑞典,1,0,0,1,0,0
1017,實踐大學,學士,加拿大,1,1,0,2,0,0
1017,實踐大學,學士,貝里斯,0,0,0,0,1,0
1017,實踐大學,學士,美國,0,1,0,1,0,0
1018,朝陽科技大學,學士,馬來西亞,11,27,7,31,0,1
1018,朝陽科技大學,學士,加拿大,1,0,0,1,0,0
1019,高雄醫學大學,碩士,馬來西亞,0,2,1,1,0,0
1019,高雄醫學大學,碩士,美國,0,0,0,0,2,0
1019,高雄醫學大學,學士,緬甸,0,2,0,2,0,0
1019,高雄醫學大學,學士,印尼,3,4,1,6,1,1
1019,高雄醫學大學,學士,日本,3,1,0,4,0,0
1019,高雄醫學大學,學士,南韓,5,6,1,10,1,1
1019,高雄醫學大學,學士,馬來西亞,45,82,28,99,6,8
1019,高雄醫學大學,學士,新加坡,3,1,1,3,0,0
1019,高雄醫學大學,學士,泰國,0,2,0,2,0,0
1019,高雄醫學大學,學士,越南,1,1,0,2,0,0
1019,高雄醫學大學,學士,澳大利亞,1,0,0,1,0,0
1019,高雄醫學大學,學士,紐西蘭,0,1,0,1,0,0
1019,高雄醫學大學,學士,加拿大,4,4,0,8,3,2
1019,高雄醫學大學,學士,薩爾瓦多,0,1,1,0,0,0
1019,高雄醫學大學,學士,貝里斯,1,0,0,1,0,0
1019,高雄醫學大學,學士,美國,8,6,1,13,3,1
1019,高雄醫學大學,學士,巴西,1,0,0,1,0,0
1020,南華大學,博士,緬甸,0,1,0,1,0,0
1020,南華大學,碩士,緬甸,0,1,0,1,0,0
1020,南華大學,學士,馬來西亞,8,8,10,6,1,2
1021,真理大學,碩士,印尼,1,0,0,1,0,0
1021,真理大學,學士,緬甸,0,0,0,0,1,0
1021,真理大學,學士,印尼,1,0,1,0,0,0
1021,真理大學,學士,日本,1,0,0,1,0,0
1021,真理大學,學士,南韓,0,1,0,1,0,1
1021,真理大學,學士,馬來西亞,5,1,2,4,2,0
1021,真理大學,學士,越南,0,0,0,0,1,1
1022,大同大學,學士,印尼,3,1,0,4,1,0
1022,大同大學,學士,日本,0,1,0,1,0,0
1022,大同大學,學士,南韓,0,0,0,0,0,1
1022,大同大學,學士,馬來西亞,3,3,0,6,1,0
1022,大同大學,學士,加拿大,0,1,0,1,0,0
1022,大同大學,學士,巴拿馬,1,0,0,1,0,0
1022,大同大學,學士,美國,2,0,0,2,0,0
1023,南臺科技大學,碩士,馬來西亞,1,0,0,1,1,1
1023,南臺科技大學,學士,印尼,0,2,2,0,0,1
1023,南臺科技大學,學士,馬來西亞,15,16,8,23,3,2
1023,南臺科技大學,學士,加拿大,1,0,0,1,0,0
1023,南臺科技大學,學士,巴拿馬,0,1,0,1,0,1
1024,崑山科技大學,學士,印尼,1,0,0,1,0,0
1024,崑山科技大學,學士,馬來西亞,5,3,1,7,0,0
1025,嘉南藥理大學,學士,緬甸,0,2,1,1,0,0
1025,嘉南藥理大學,學士,印尼,3,0,0,3,0,0
1025,嘉南藥理大學,學士,馬來西亞,0,3,2,1,0,0
1025,嘉南藥理大學,學士,斯里蘭卡,1,0,0,1,0,0
1025,嘉南藥理大學,學士,巴拉圭,1,0,1,0,0,0
1026,樹德科技大學,學士,印尼,0,3,1,2,0,0
1026,樹德科技大學,學士,日本,0,0,0,0,1,0
1026,樹德科技大學,學士,馬來西亞,34,24,18,40,1,1
1026,樹德科技大學,學士,泰國,0,1,0,1,0,0
1026,樹德科技大學,學士,紐西蘭,1,0,0,1,0,0
1026,樹德科技大學,學士,加拿大,1,0,0,1,0,0
1027,慈濟大學,博士,馬來西亞,1,0,0,1,0,0
1027,慈濟大學,碩士,馬來西亞,0,0,0,0,0,1
1027,慈濟大學,學士,緬甸,0,3,0,3,0,1
1027,慈濟大學,學士,印尼,2,1,1,2,0,0
1027,慈濟大學,學士,日本,0,1,0,1,0,0
1027,慈濟大學,學士,南韓,2,0,1,1,0,1
1027,慈濟大學,學士,馬來西亞,13,22,17,18,1,3
1027,慈濟大學,學士,新加坡,2,0,0,2,0,0
1027,慈濟大學,學士,泰國,0,1,1,0,0,0
1027,慈濟大學,學士,南非,0,1,0,1,0,0
1027,慈濟大學,學士,加拿大,0,1,0,1,1,0
1027,慈濟大學,學士,美國,0,1,0,1,0,0
1027,慈濟大學,學士,巴西,0,0,0,0,0,1
1028,臺北醫學大學,博士,馬來西亞,3,0,1,2,0,0
1028,臺北醫學大學,碩士,南韓,1,0,0,1,0,0
1028,臺北醫學大學,碩士,馬來西亞,5,1,3,3,2,1
1028,臺北醫學大學,碩士,泰國,0,0,0,0,0,1
1028,臺北醫學大學,碩士,貝里斯,0,0,0,0,1,0
1028,臺北醫學大學,學士,緬甸,2,3,3,2,0,0
1028,臺北醫學大學,學士,印尼,8,2,6,4,1,0
1028,臺北醫學大學,學士,日本,0,2,0,2,0,0
1028,臺北醫學大學,學士,南韓,2,8,3,7,0,2
1028,臺北醫學大學,學士,馬來西亞,31,67,30,68,4,7
1028,臺北醫學大學,學士,菲律賓,1,0,0,1,0,0
1028,臺北醫學大學,學士,新加坡,3,6,0,9,0,1
1028,臺北醫學大學,學士,泰國,1,4,0,5,0,0
1028,臺北醫學大學,學士,越南,0,2,1,1,0,0
1028,臺北醫學大學,學士,紐西蘭,2,0,1,1,0,0
1028,臺北醫學大學,學士,史瓦濟蘭,0,1,0,1,0,0
1028,臺北醫學大學,學士,加拿大,8,0,1,7,0,1
1028,臺北醫學大學,學士,貝里斯,0,1,0,1,0,0
1028,臺北醫學大學,學士,美國,8,9,2,15,0,0
1028,臺北醫學大學,學士,秘魯,2,0,0,2,0,0
1029,中山醫學大學,學士,緬甸,0,2,0,2,0,0
1029,中山醫學大學,學士,印尼,1,5,3,3,0,0
1029,中山醫學大學,學士,日本,3,2,0,5,0,0
1029,中山醫學大學,學士,南韓,4,2,0,6,0,1
1029,中山醫學大學,學士,馬來西亞,30,74,30,74,7,8
1029,中山醫學大學,學士,菲律賓,2,0,0,2,0,1
1029,中山醫學大學,學士,新加坡,3,1,0,4,0,2
1029,中山醫學大學,學士,泰國,4,0,1,3,0,0
1029,中山醫學大學,學士,越南,0,1,0,1,0,0
1029,中山醫學大學,學士,汶萊,0,1,0,1,0,0
1029,中山醫學大學,學士,紐西蘭,0,1,0,1,0,0
1029,中山醫學大學,學士,加拿大,2,1,1,2,0,0
1029,中山醫學大學,學士,美國,2,3,0,5,2,1
1029,中山醫學大學,學士,巴西,0,1,0,1,0,0
1029,中山醫學大學,學士,巴拉圭,1,0,0,1,0,0
1029,中山醫學大學,學士,秘魯,0,0,0,0,1,0
1030,龍華科技大學,學士,印尼,1,1,1,1,0,0
1030,龍華科技大學,學士,馬來西亞,5,2,4,3,0,0
1030,龍華科技大學,學士,加拿大,1,0,0,1,0,0
1031,輔英科技大學,學士,南韓,1,0,0,1,0,1
1031,輔英科技大學,學士,馬來西亞,6,3,2,7,0,0
1031,輔英科技大學,學士,美國,1,0,0,1,0,0
1032,明新科技大學,學士,印尼,0,3,2,1,0,0
1032,明新科技大學,學士,馬來西亞,1,0,1,0,1,0
1032,明新科技大學,學士,越南,1,0,0,1,0,0
1032,明新科技大學,學士,美國,1,0,1,0,0,0
1033,長榮大學,學士,印尼,0,1,0,1,0,0
1033,長榮大學,學士,日本,0,1,0,1,0,0
1033,長榮大學,學士,南韓,3,0,0,3,0,0
1033,長榮大學,學士,馬來西亞,24,27,20,31,3,2
1033,長榮大學,學士,泰國,1,0,1,0,0,1
1033,長榮大學,學士,南非,0,1,0,1,0,0
1034,弘光科技大學,碩士,緬甸,0,1,1,0,0,0
1034,弘光科技大學,學士,印尼,1,0,0,1,0,0
1034,弘光科技大學,學士,馬來西亞,7,15,10,12,0,0
1034,弘光科技大學,學士,泰國,0,1,0,1,0,0
1034,弘光科技大學,學士,越南,0,0,0,0,0,1
1034,弘光科技大學,學士,納米比亞,0,1,0,1,0,0
1035,中國醫藥大學,博士,印尼,1,0,0,1,0,0
1035,中國醫藥大學,博士,馬來西亞,1,0,0,1,0,0
1035,中國醫藥大學,碩士,馬來西亞,1,0,0,1,1,0
1035,中國醫藥大學,碩士,澳大利亞,1,0,1,0,0,0
1035,中國醫藥大學,學士,緬甸,2,8,0,10,0,1
1035,中國醫藥大學,學士,印尼,4,4,4,4,0,0
1035,中國醫藥大學,學士,日本,1,1,0,2,0,0
1035,中國醫藥大學,學士,南韓,3,8,4,7,0,1
1035,中國醫藥大學,學士,馬來西亞,32,48,19,61,7,8
1035,中國醫藥大學,學士,新加坡,3,3,2,4,0,1
1035,中國醫藥大學,學士,泰國,1,1,1,1,0,0
1035,中國醫藥大學,學士,汶萊,1,0,0,1,0,0
1035,中國醫藥大學,學士,馬拉威,0,1,0,1,0,0
1035,中國醫藥大學,學士,南非,2,0,0,2,0,0
1035,中國醫藥大學,學士,加拿大,5,6,0,11,0,2
1035,中國醫藥大學,學士,墨西哥,0,1,0,1,0,0
1035,中國醫藥大學,學士,貝里斯,0,2,1,1,0,0
1035,中國醫藥大學,學士,美國,8,4,2,10,0,1
1036,健行科技大學,學士,印尼,5,3,3,5,1,0
1036,健行科技大學,學士,馬來西亞,0,1,0,1,2,0
1036,健行科技大學,學士,泰國,2,0,2,0,2,0
1036,健行科技大學,學士,越南,0,0,0,0,1,0
1037,正修科技大學,學士,印尼,4,0,0,4,0,0
1037,正修科技大學,學士,南韓,1,0,1,0,0,0
1037,正修科技大學,學士,馬來西亞,5,2,2,5,0,0
1037,正修科技大學,學士,泰國,1,1,0,2,0,0
1037,正修科技大學,學士,越南,14,25,0,39,0,0
1038,萬能科技大學,學士,印尼,5,3,4,4,1,1
1038,萬能科技大學,學士,馬來西亞,2,5,2,5,0,0
1038,萬能科技大學,學士,泰國,0,2,0,2,0,0
1038,萬能科技大學,學士,越南,0,0,0,0,1,0
1038,萬能科技大學,學士,加拿大,1,0,0,1,0,0
1039,玄奘大學,學士,印尼,0,2,0,2,0,1
1039,玄奘大學,學士,南韓,0,1,0,1,0,0
1039,玄奘大學,學士,馬來西亞,41,53,26,68,3,3
1040,建國科技大學,學士,馬來西亞,2,4,2,4,0,0
1040,建國科技大學,學士,越南,0,1,1,0,0,0
1041,明志科技大學,學士,緬甸,0,0,0,0,1,0
1042,高苑科技大學,學士,印尼,2,2,2,2,0,0
1042,高苑科技大學,學士,馬來西亞,11,4,1,14,2,1
1042,高苑科技大學,學士,越南,4,6,2,8,6,6
1043,大仁科技大學,學士,印尼,2,0,1,1,0,0
1043,大仁科技大學,學士,南韓,0,1,0,1,0,0
1043,大仁科技大學,學士,馬來西亞,2,8,4,6,0,0
1043,大仁科技大學,學士,泰國,0,1,0,1,0,0
1043,大仁科技大學,學士,加拿大,0,1,0,1,0,0
1043,大仁科技大學,學士,墨西哥,0,1,0,1,0,0
1043,大仁科技大學,學士,美國,2,2,3,1,0,0
1044,聖約翰科技大學,學士,印尼,0,2,2,0,1,1
1044,聖約翰科技大學,學士,日本,2,1,0,3,0,0
1044,聖約翰科技大學,學士,馬來西亞,1,0,1,0,0,0
1045,嶺東科技大學,碩士,馬來西亞,1,1,1,1,0,0
1045,嶺東科技大學,學士,馬來西亞,1,5,1,5,1,0
1046,中國科技大學,學士,緬甸,1,1,1,1,0,0
1046,中國科技大學,學士,印尼,0,2,0,2,1,2
1046,中國科技大學,學士,日本,2,1,1,2,0,1
1046,中國科技大學,學士,馬來西亞,3,2,2,3,0,0
1046,中國科技大學,學士,新加坡,1,0,1,0,0,0
1046,中國科技大學,學士,泰國,0,0,0,0,0,1
1046,中國科技大學,學士,越南,1,0,1,0,0,0
1046,中國科技大學,學士,法國,0,1,0,1,0,0
1046,中國科技大學,學士,阿根廷,0,0,0,0,0,1
1046,中國科技大學,學士,巴西,1,0,0,1,0,0
1047,中臺科技大學,博士,馬來西亞,0,0,0,0,1,0
1047,中臺科技大學,學士,緬甸,0,1,0,1,0,0
1047,中臺科技大學,學士,南韓,1,0,0,1,0,0
1047,中臺科技大學,學士,馬來西亞,3,2,2,3,0,0
1047,中臺科技大學,學士,新加坡,0,0,0,0,0,1
1047,中臺科技大學,學士,越南,0,0,0,0,1,0
1047,中臺科技大學,學士,加拿大,0,1,0,1,1,0
1048,亞洲大學,學士,印尼,6,7,1,12,0,0
1048,亞洲大學,學士,南韓,1,1,0,2,0,1
1048,亞洲大學,學士,馬來西亞,23,34,26,31,3,0
1048,亞洲大學,學士,泰國,0,1,0,1,0,0
1048,亞洲大學,學士,越南,1,0,0,1,0,0
1048,亞洲大學,學士,巴拉圭,1,0,0,1,0,0
1049,開南大學,學士,印尼,7,1,0,8,2,1
1049,開南大學,學士,南韓,1,1,0,2,0,0
1049,開南大學,學士,馬來西亞,7,4,3,8,1,1
1049,開南大學,學士,泰國,1,0,0,1,0,0
1049,開南大學,學士,巴拉圭,1,0,0,1,0,0
1050,佛光大學,碩士,日本,0,1,1,0,0,0
1050,佛光大學,碩士,南韓,0,0,0,0,0,1
1050,佛光大學,學士,馬來西亞,4,6,5,5,0,0
1050,佛光大學,學士,阿根廷,0,1,0,1,0,0
1051,台南應用科技大學,學士,印尼,1,0,0,1,1,0
1051,台南應用科技大學,學士,馬來西亞,4,12,8,8,2,1
1051,台南應用科技大學,學士,巴西,1,0,1,0,0,0
1051,台南應用科技大學,學士,智利,0,0,0,0,0,1
1052,遠東科技大學,學士,印尼,1,0,0,1,0,0
1052,遠東科技大學,學士,日本,0,1,0,1,0,0
1052,遠東科技大學,學士,馬來西亞,2,0,0,2,1,0
1052,遠東科技大學,學士,越南,0,0,0,0,1,0
1053,元培醫事科技大學,碩士,馬來西亞,0,0,0,0,1,0
1053,元培醫事科技大學,學士,緬甸,0,2,1,1,0,0
1053,元培醫事科技大學,學士,印尼,0,1,0,1,0,0
1053,元培醫事科技大學,學士,日本,0,1,0,1,0,0
1053,元培醫事科技大學,學士,南韓,2,0,0,2,0,0
1053,元培醫事科技大學,學士,馬來西亞,1,5,2,4,0,0
1053,元培醫事科技大學,學士,越南,0,2,1,1,0,0
1054,景文科技大學,學士,緬甸,0,1,1,0,0,0
1054,景文科技大學,學士,印尼,2,4,2,4,1,1
1054,景文科技大學,學士,日本,0,1,0,1,0,0
1054,景文科技大學,學士,南韓,1,0,0,1,0,0
1054,景文科技大學,學士,馬來西亞,6,5,2,9,0,1
1054,景文科技大學,學士,越南,0,1,1,0,0,0
1055,中華醫事科技大學,學士,緬甸,0,0,0,0,1,0
1055,中華醫事科技大學,學士,馬來西亞,0,1,0,1,0,0
1056,東南科技大學,學士,印尼,1,1,0,2,0,0
1056,東南科技大學,學士,馬來西亞,3,4,3,4,0,0
1056,東南科技大學,學士,泰國,1,0,0,1,0,0
1056,東南科技大學,學士,越南,0,1,1,0,0,0
1057,德明財經科技大學,學士,緬甸,1,0,0,1,0,0
1057,德明財經科技大學,學士,印尼,0,2,0,2,0,0
1057,德明財經科技大學,學士,菲律賓,0,1,0,1,0,0
1058,明道大學,碩士,馬來西亞,0,2,1,1,0,0
1058,明道大學,學士,緬甸,0,0,0,0,1,0
1058,明道大學,學士,印尼,1,1,0,2,0,0
1058,明道大學,學士,馬來西亞,42,31,2,71,3,6
1060,南開科技大學,學士,馬來西亞,6,1,7,0,0,0
1060,南開科技大學,專科,馬來西亞,0,1,0,1,0,0
1061,中華科技大學,碩士,美國,1,0,0,1,0,0
1061,中華科技大學,學士,印尼,0,1,0,1,0,0
1061,中華科技大學,學士,馬來西亞,4,2,2,4,0,0
1062,僑光科技大學,學士,馬來西亞,4,1,0,5,0,0
1063,育達科技大學,學士,馬來西亞,2,0,0,2,1,0
1064,美和科技大學,學士,馬來西亞,0,0,0,0,0,1
1065,吳鳳科技大學,學士,越南,1,0,0,1,0,0
1065,吳鳳科技大學,學士,阿根廷,1,0,0,1,0,0
1066,環球科技大學,學士,馬來西亞,9,20,11,18,2,0
1067,台灣首府大學,學士,緬甸,0,1,0,1,0,0
1067,台灣首府大學,學士,印尼,7,7,9,5,0,0
1067,台灣首府大學,學士,日本,1,0,0,1,0,0
1067,台灣首府大學,學士,馬來西亞,14,14,10,18,0,1
1068,中州科技大學,碩士,馬來西亞,1,0,1,0,0,0
1068,中州科技大學,學士,馬來西亞,4,1,1,4,0,0
1069,修平科技大學,學士,馬來西亞,1,0,0,1,0,0
1070,長庚科技大學,學士,緬甸,0,1,1,0,0,0
1070,長庚科技大學,學士,馬來西亞,1,2,1,2,0,0
1070,長庚科技大學,專科,緬甸,0,1,0,1,0,0
1071,臺北城市科技大學,學士,緬甸,0,1,1,0,0,0
1071,臺北城市科技大學,學士,馬來西亞,2,4,1,5,0,0
1071,臺北城市科技大學,學士,巴西,0,1,0,1,0,0
1071,臺北城市科技大學,專科,馬來西亞,1,0,0,1,0,0
1072,大華科技大學,學士,馬來西亞,1,3,0,4,0,0
1073,醒吾科技大學,學士,南韓,2,1,1,2,0,0
1073,醒吾科技大學,學士,馬來西亞,3,3,4,2,0,0
1073,醒吾科技大學,學士,泰國,0,1,0,1,0,0
1073,醒吾科技大學,專科,馬來西亞,0,1,1,0,0,0
1074,南榮科技大學,學士,越南,0,0,0,0,1,0
1075,文藻外語大學,學士,日本,1,2,0,3,0,0
1075,文藻外語大學,學士,馬來西亞,2,4,3,3,0,2
1075,文藻外語大學,學士,新加坡,0,1,1,0,0,0
1075,文藻外語大學,學士,象牙海岸,0,1,0,1,0,0
1075,文藻外語大學,學士,美國,0,1,1,0,0,0
1075,文藻外語大學,學士,玻利維亞,1,0,0,1,0,0
1075,文藻外語大學,專科,柬埔寨,0,1,0,1,0,0
1075,文藻外語大學,專科,印尼,0,1,0,1,0,0
1075,文藻外語大學,專科,日本,0,1,0,1,0,0
1075,文藻外語大學,專科,越南,0,1,1,0,0,0
1075,文藻外語大學,專科,紐西蘭,1,0,0,1,0,0
1075,文藻外語大學,專科,模里西斯,0,1,0,1,0,0
1075,文藻外語大學,專科,南非,1,1,0,2,0,0
1075,文藻外語大學,專科,哥斯大黎加,0,1,1,0,0,0
1075,文藻外語大學,專科,巴西,1,0,0,1,0,0
1075,文藻外語大學,專科,巴拉圭,0,1,0,1,0,0
1075,文藻外語大學,專科,委內瑞拉,0,1,1,0,0,0
1076,華夏科技大學,學士,緬甸,1,0,0,1,0,0
1076,華夏科技大學,學士,馬來西亞,0,1,0,1,0,1
1077,慈濟科技大學,碩士,緬甸,1,0,0,1,0,0
1078,致理科技大學,學士,印尼,2,0,0,2,0,0
1078,致理科技大學,學士,日本,1,0,0,1,0,0
1078,致理科技大學,學士,馬來西亞,0,0,0,0,1,0
1079,康寧大學,學士,印尼,0,1,1,0,0,0
1079,康寧大學,學士,馬來西亞,2,4,1,5,0,0
3002,臺北市立大學,博士,馬來西亞,1,0,1,0,0,0
3002,臺北市立大學,碩士,緬甸,0,1,0,1,0,0
3002,臺北市立大學,碩士,南韓,0,1,0,1,0,0
3002,臺北市立大學,碩士,馬來西亞,0,6,2,4,0,0
3002,臺北市立大學,碩士,越南,1,0,1,0,0,0
3002,臺北市立大學,碩士,貝里斯,1,0,0,1,0,0
3002,臺北市立大學,學士,緬甸,2,9,7,4,0,0
3002,臺北市立大學,學士,印尼,1,0,0,1,0,0
3002,臺北市立大學,學士,日本,1,1,0,2,0,0
3002,臺北市立大學,學士,馬來西亞,19,23,6,36,2,6
3002,臺北市立大學,學士,泰國,0,1,0,1,0,0
3002,臺北市立大學,學士,越南,2,0,1,1,0,0
3002,臺北市立大學,學士,貝里斯,0,0,0,0,1,1
3002,臺北市立大學,學士,美國,0,0,0,0,1,0
0144,國立臺灣戲曲學院,學士,印尼,0,0,0,0,0,1
1159,和春技術學院,學士,馬來西亞,1,0,0,1,0,0
1159,和春技術學院,學士,越南,1,0,0,1,0,0
1168,桃園創新技術學院,學士,印尼,0,1,0,1,0,0
1176,稻江科技暨管理學院,學士,馬來西亞,0,1,0,1,0,0
1179,德霖技術學院,學士,緬甸,0,1,0,1,0,0
1179,德霖技術學院,學士,印尼,3,1,1,3,0,0
1179,德霖技術學院,學士,泰國,0,0,0,0,1,0
1179,德霖技術學院,學士,越南,0,1,0,1,0,0
1179,德霖技術學院,學士,美國,0,1,1,0,0,0
1179,德霖技術學院,專科,馬來西亞,1,0,0,1,0,0
1183,黎明技術學院,學士,印尼,1,1,1,1,0,0
1183,黎明技術學院,學士,馬來西亞,1,2,1,2,0,0
1184,東方設計學院,學士,馬來西亞,1,0,0,1,0,0
1184,東方設計學院,學士,泰國,1,0,0,1,0,0
1184,東方設計學院,學士,越南,0,0,0,0,0,2
1184,東方設計學院,專科,菲律賓,1,0,0,1,0,0
1187,崇右技術學院,學士,馬來西亞,2,3,1,4,0,0
1188,大同技術學院,學士,馬來西亞,0,1,0,1,0,0
1189,亞太創意技術學院,碩士,馬來西亞,1,0,1,0,0,0
1189,亞太創意技術學院,學士,馬來西亞,1,0,0,1,1,0
1192,臺灣觀光學院,學士,印尼,0,1,0,1,0,0
1192,臺灣觀光學院,學士,泰國,0,0,0,0,0,1
1195,馬偕醫學院,學士,馬來西亞,0,1,1,0,0,0
1196,法鼓文理學院,碩士,厄瓜多,0,1,0,1,0,0
1196,法鼓文理學院,學士,印尼,0,1,0,1,0,0
1197,台北海洋技術學院,學士,印尼,0,1,0,1,0,0
1197,台北海洋技術學院,學士,馬來西亞,1,1,1,1,0,0
1286,耕莘健康管理專科學校,專科,緬甸,0,1,0,1,0,0
1292,新生醫護管理專科學校,專科,印尼,0,1,1,0,0,0
1292,新生醫護管理專科學校,專科,南韓,1,0,0,1,0,0
